{
    "$schema": "https://schema.management.azure.com/schemas/2015-01-01/deploymentTemplate.json#",
    "contentVersion": "1.0.0.0",
    "parameters": {
        "Course": {
            "type": "string",
            "defaultValue": "AZ 900 Microsoft Azure Fundamentals"
        }
    },
    "variables": {
        "location": "[resourceGroup().location]",
        "subscriptionId": "[subscription().subscriptionId]"
    },
    "resources": [],
    "outputs": {
        "Course": {
            "type": "string",
            "value": "[parameters('Course')]"
        },
        "location": {
            "type": "string",
            "value": "[variables('location')]"
        },
        "subscriptionId": {
            "type": "string",
            "value": "[variables('subscriptionId')]"
        }
    }
}