{
    "Name": "CustomRoleAZ900Lab1",
    "IsCustom": true,
    "Description": "Allows read access to billing data",
    "Actions": [
                    "Microsoft.Authorization/*/read",
                    "Microsoft.Billing/*/read",
                    "Microsoft.Commerce/*/read",
                    "Microsoft.Consumption/*/read",
                    "Microsoft.Management/managementGroups/read",
                    "Microsoft.CostManagement/*/read",
                    "Microsoft.Support/*"
            ],
    "NotActions": [],
    "DataActions": [],
    "NotDataActions": [],
    "AssignableScopes": [
                            "/subscriptions/c0ec6f80-33d1-4f5a-aeee-968b216cb574/resourceGroups/test900lab3"
                    ]
}